,Date,Company & Job Title,keyword,Location,Skills,Founding Year,Team Size,Apply Here
0,2023-Jul-26,Aasaanjobs - ASP.NET Developer,Backend Development,Job available in Kolkata,"['Backend Development', 'HTML', 'CSS', 'C#', 'SQL Server', 'ASP.NET']",Founded in 2014,200 - 500 employees,https://www.instahyre.com/job-265441-aspnet-developer-at-aasaanjobs-6-kolkata/
1,2023-Jul-26,Allen Career Institute - Software Engineer 1,Backend Development,Job available in Bangalore,"['Backend Development', 'HTML', 'CSS', 'C#', 'SQL Server', 'ASP.NET']",Founded in 1988,More than 1000 employees,https://www.instahyre.com/job-267431-software-engineer-1-at-allen-career-institute-bangalore/
2,2023-Jul-26,CodeGen International - Java Developer,Backend Development,Job available in Hyderabad,"['Backend Development', 'HTML', 'CSS', 'C#', 'SQL Server', 'ASP.NET']",Founded in 1999,200 - 500 employees,https://www.instahyre.com/job-266529-java-developer-at-codegen-international-hyderabad/
3,2023-Jul-26,CodeGen International - Java Developer,Backend Development,Job available in Hyderabad,"['Backend Development', 'HTML', 'CSS', 'C#', 'SQL Server', 'ASP.NET']",Founded in 1999,200 - 500 employees,https://www.instahyre.com/job-266554-java-developer-at-codegen-international-hyderabad/
4,2023-Jul-26,Esko - Support Engineer,Backend Development,Job available in Bangalore,"['Backend Development', 'HTML', 'CSS', 'C#', 'SQL Server', 'ASP.NET']",Founded in 2002,More than 1000 employees,https://www.instahyre.com/job-267871-support-engineer-at-esko-bangalore/
5,2023-Jul-26,Mool - Software Engineer III,Backend Development,Job available in Gurgaon,"['Backend Development', 'HTML', 'CSS', 'C#', 'SQL Server', 'ASP.NET']",Founded in 2020,10 - 50 employees,https://www.instahyre.com/job-268774-software-engineer-iii-at-mool-gurgaon/
6,2023-Jul-26,Outright Systems - Laravel Developer - PHP,Backend Development,Job available in Noida,"['Backend Development', 'HTML', 'CSS', 'C#', 'SQL Server', 'ASP.NET']",Founded in 2015,10 - 50 employees,https://www.instahyre.com/job-267326-laravel-developer-php-at-outright-systems-noida/
7,2023-Jul-26,Space Technology & Education - Educator,Backend Development,Job available in Ahmedabad,"['Backend Development', 'HTML', 'CSS', 'C#', 'SQL Server', 'ASP.NET']",Founded in 2001,50 - 200 employees,https://www.instahyre.com/job-270288-educator-at-space-technology-education-ahmedabad/
8,2023-Jul-26,Tech Mahindra - Successfactors Consultant,Backend Development,Job available in Pune,"['Backend Development', 'HTML', 'CSS', 'C#', 'SQL Server', 'ASP.NET']",Founded in 1986,More than 1000 employees,https://www.instahyre.com/job-265613-successfactors-consultant-at-tech-mahindra-2-pune/
9,2023-Jul-26,Udaan.com - Software Engineer,Backend Development,"Job available in Bangalore, Work From Home","['Backend Development', 'HTML', 'CSS', 'C#', 'SQL Server', 'ASP.NET']",Founded in 2016,500 - 1000 employees,https://www.instahyre.com/job-270112-software-engineer-at-udaan-bangalore-work-from-home/
10,2023-Jul-26,Atlan - Backend Developer - Intern (Internship),Backend Development,Job available in Work From Home,"['Backend Development', 'Golang', 'Java', 'Python', 'Django']",Founded in 2019,50 - 200 employees,https://www.instahyre.com/job-264129-backend-developer-intern-internship-at-atlan-work-from-home/
11,2023-Jul-26,Cedcoss Technologies - Associate Software Engineer,Backend Development,Job available in Lucknow,"['Backend Development', 'Golang', 'Java', 'Python', 'Django']",Founded in 2010,50 - 200 employees,https://www.instahyre.com/job-258821-associate-software-engineer-at-cedcoss-technologies-lucknow/
12,2023-Jul-26,Digital A to Z Solutions - RoR Developer,Backend Development,Job available in Bangalore,"['Backend Development', 'Golang', 'Java', 'Python', 'Django']",Founded in 2018,50 - 200 employees,https://www.instahyre.com/job-265100-ror-developer-at-digital-a-to-z-solutions-bangalore/
13,2023-Jul-26,Gan.ai - Backend Developer,Backend Development,Job available in Noida,"['Backend Development', 'Golang', 'Java', 'Python', 'Django']",Founded in 2021,10 - 50 employees,https://www.instahyre.com/job-261868-backend-developer-at-gan-noida/
14,2023-Jul-26,LogiNext - Software Engineer - Analytics,Backend Development,Job available in Mumbai,"['Backend Development', 'Golang', 'Java', 'Python', 'Django']",Founded in 2014,50 - 200 employees,https://www.instahyre.com/job-259970-software-engineer-analytics-at-loginext-mumbai/
15,2023-Jul-26,Moolya Software Testing - Junior Backend Engineer,Backend Development,Job available in Bangalore,"['Backend Development', 'Golang', 'Java', 'Python', 'Django']",Founded in 2010,50 - 200 employees,https://www.instahyre.com/job-264439-junior-backend-engineer-at-moolya-software-testing-bangalore/
16,2023-Jul-26,PM Square Soft Services - Mobile / React Native Developer,Backend Development,Job available in Coimbatore,"['Backend Development', 'Golang', 'Java', 'Python', 'Django']",Founded in 2011,0 - 10 employees,https://www.instahyre.com/job-264881-mobile-react-native-developer-at-pm-square-soft-services-coimbatore/
17,2023-Jul-26,StrikeX - Backend Engineer,Backend Development,Job available in Gurgaon,"['Backend Development', 'Golang', 'Java', 'Python', 'Django']",Founded in 2023,0 - 10 employees,https://www.instahyre.com/job-264559-backend-engineer-at-strikex-gurgaon/
18,2023-Jul-26,WheelsEye - Software Engineer,Backend Development,Job available in Gurgaon,"['Backend Development', 'Golang', 'Java', 'Python', 'Django']",Founded in 2017,200 - 500 employees,https://www.instahyre.com/job-265047-software-engineer-at-wheelseye-gurgaon/
19,2023-Jul-26,Xempla - Software Engineer (Internship),Backend Development,Job available in Kolkata,"['Backend Development', 'Golang', 'Java', 'Python', 'Django']",Founded in 2017,10 - 50 employees,https://www.instahyre.com/job-262807-software-engineer-internship-at-xempla-kolkata/
20,2023-Jul-26,Astronomer - Billing Manager,Backend Development,Job available in Work From Home,"['Backend Development', 'Java']",Founded in 2015,50 - 200 employees,https://www.instahyre.com/job-253137-billing-manager-at-astronomer-work-from-home/
21,2023-Jul-26,BlueSapling - Application Developer - Backend,Backend Development,Job available in Bangalore,"['Backend Development', 'Java']",Founded in 2014,10 - 50 employees,https://www.instahyre.com/job-256624-application-developer-backend-at-bluesapling-bangalore/
22,2023-Jul-26,Deqode - ROR Developer,Backend Development,"Job available in Indore, Pune","['Backend Development', 'Java']",Founded in 2012,200 - 500 employees,https://www.instahyre.com/job-255906-ror-developer-at-deqode-indore-pune/
23,2023-Jul-26,Dyson - Design Support Engineer,Backend Development,Job available in Delhi,"['Backend Development', 'Java']",Founded in 1991,More than 1000 employees,https://www.instahyre.com/job-256315-design-support-engineer-at-dyson-delhi/
24,2023-Jul-26,FlytBase - Backend Developer,Backend Development,Job available in Pune,"['Backend Development', 'Java']",Founded in 2017,10 - 50 employees,https://www.instahyre.com/job-254646-backend-developer-at-flytbase-pune/
25,2023-Jul-26,Kotak Mahindra Bank - Inside Customer Support,Backend Development,Job available in Mumbai,"['Backend Development', 'Java']",Founded in 1985,More than 1000 employees,https://www.instahyre.com/job-253050-inside-customer-support-at-kotak-mahindra-bank-mumbai/
26,2023-Jul-26,Loop Kitchen - Software Engineering (Internship),Backend Development,"Job available in Bangalore, Work From Home","['Backend Development', 'Java']",Founded in 2022,0 - 10 employees,https://www.instahyre.com/job-254017-software-engineering-at-loop-kitchen-bangalore-work-from-home/
27,2023-Jul-26,Lumendata - Data Engineer,Backend Development,"Job available in Bangalore, Work From Home","['Backend Development', 'Java']",Founded in 2007,200 - 500 employees,https://www.instahyre.com/job-253082-data-engineer-at-lumendata-bangalore-work-from-home/
28,2023-Jul-26,StanceBeam - Python Developer,Backend Development,Job available in Bangalore,"['Backend Development', 'Java']",Founded in 2017,10 - 50 employees,https://www.instahyre.com/job-253488-python-developer-at-stancebeam-2-bangalore/
29,2023-Jul-26,ZYOD - Backend Engineer (SDE),Backend Development,Job available in Gurgaon,"['Backend Development', 'Java']",Founded in 2023,10 - 50 employees,https://www.instahyre.com/job-256363-backend-engineer-sde-at-zyod-gurgaon/
30,2023-Jul-26,Amazon - Application Engineer,Backend Development,Job available in Bangalore,"['Backend Development', '.NET', 'C++', 'Java', 'Python', 'Ruby']",Founded in 1994,More than 1000 employees,https://www.instahyre.com/job-250686-application-engineer-at-amazon-bangalore/
31,2023-Jul-26,GradsKey - Coding Instructor,Backend Development,"Job available in Chennai, Vijayawada","['Backend Development', '.NET', 'C++', 'Java', 'Python', 'Ruby']",Founded in 2019,10 - 50 employees,https://www.instahyre.com/job-248944-coding-instructor-at-gradskey-chennai-vijayawada/
32,2023-Jul-26,Hashstack Finance - SDE - Backend (MERN),Backend Development,Job available in Bangalore,"['Backend Development', '.NET', 'C++', 'Java', 'Python', 'Ruby']",Founded in 2021,10 - 50 employees,https://www.instahyre.com/job-247897-sde-backend-mern-at-hashstack-finance-bangalore/
33,2023-Jul-26,Karbh IT Solutions - Laravel Developer,Backend Development,Job available in Ahmedabad,"['Backend Development', '.NET', 'C++', 'Java', 'Python', 'Ruby']",Founded in 2019,10 - 50 employees,https://www.instahyre.com/job-252003-laravel-developer-at-karbh-it-solutions-ahmedabad/
34,2023-Jul-26,Lemnisk - Software Engineer 1 - S24,Backend Development,Job available in Bangalore,"['Backend Development', '.NET', 'C++', 'Java', 'Python', 'Ruby']",Founded in 2009,50 - 200 employees,https://www.instahyre.com/job-248124-software-engineer-1-s24-at-lemnisk-bangalore/
35,2023-Jul-26,Moltech Solutions - .NET Developer,Backend Development,Job available in Ahmedabad,"['Backend Development', '.NET', 'C++', 'Java', 'Python', 'Ruby']",Founded in 2014,10 - 50 employees,https://www.instahyre.com/job-248539-net-developer-at-moltech-solutions-ahmedabad/
36,2023-Jul-26,Moltech Solutions - Dot .NET Developer,Backend Development,Job available in Ahmedabad,"['Backend Development', '.NET', 'C++', 'Java', 'Python', 'Ruby']",Founded in 2014,10 - 50 employees,https://www.instahyre.com/job-248565-dot-net-developer-at-moltech-solutions-ahmedabad/
37,2023-Jul-26,myGate - Associate Software Engineer - Java,Backend Development,Job available in Bangalore,"['Backend Development', '.NET', 'C++', 'Java', 'Python', 'Ruby']",Founded in 2016,500 - 1000 employees,https://www.instahyre.com/job-247197-associate-software-engineer-java-at-mygate-bangalore/
38,2023-Jul-26,UZIO - Software Developer (Internship),Backend Development,Job available in Noida,"['Backend Development', '.NET', 'C++', 'Java', 'Python', 'Ruby']",Founded in 2009,50 - 200 employees,https://www.instahyre.com/job-250711-software-developer-at-uzio-noida/
39,2023-Jul-26,VCD Studio - PHP Developer,Backend Development,"Job available in Bangalore, Work From Home","['Backend Development', '.NET', 'C++', 'Java', 'Python', 'Ruby']",Founded in 2013,0 - 10 employees,https://www.instahyre.com/job-246030-php-developer-at-vcd-studio-bangalore-work-from-home/
40,2023-Jul-26,3point3 Automation Labs - Java Developer,Backend Development,Job available in Work From Home,"['Backend Development', 'Java', 'Hibernate', 'Spring']",Founded in 2014,0 - 10 employees,https://www.instahyre.com/job-245378-java-developer-at-3point3-automation-labs-work-from-home/
41,2023-Jul-26,Bhavna Corp - Storage Administrator - NAS / SAN,Backend Development,Job available in Jaipur,"['Backend Development', 'Java', 'Hibernate', 'Spring']",Founded in 2013,50 - 200 employees,https://www.instahyre.com/job-237391-storage-administrator-nas-san-at-bhavna-corp-jaipur/
42,2023-Jul-26,Buyogo - Software Developer - 1,Backend Development,"Job available in Bangalore, Indore, Noida","['Backend Development', 'Java', 'Hibernate', 'Spring']",Founded in 2020,50 - 200 employees,https://www.instahyre.com/job-244217-software-developer-1-at-buyogo-bangalore-indore-noida/
43,2023-Jul-26,Global Knowledge Technologies - IT Trainer,Backend Development,Job available in Bangalore,"['Backend Development', 'Java', 'Hibernate', 'Spring']",Founded in 2015,50 - 200 employees,https://www.instahyre.com/job-240522-it-trainer-at-global-knowledge-technologies-bangalore/
44,2023-Jul-26,Ira Technologies - PHP Developer,Backend Development,Job available in Noida,"['Backend Development', 'Java', 'Hibernate', 'Spring']",Founded in 2010,10 - 50 employees,https://www.instahyre.com/job-239032-php-developer-at-ira-technologies-noida/
45,2023-Jul-26,Listed - Backend Developer - Trainne,Backend Development,Job available in Bangalore,"['Backend Development', 'Java', 'Hibernate', 'Spring']",Founded in 2021,0 - 10 employees,https://www.instahyre.com/job-234833-backend-developer-trainne-at-listed-2-bangalore/
46,2023-Jul-26,myGate - Python Developer,Backend Development,Job available in Bangalore,"['Backend Development', 'Java', 'Hibernate', 'Spring']",Founded in 2016,500 - 1000 employees,https://www.instahyre.com/job-243641-python-developer-at-mygate-bangalore/
47,2023-Jul-26,RootQuotient - Ruby on Rails Developer,Backend Development,Job available in Chennai,"['Backend Development', 'Java', 'Hibernate', 'Spring']",Founded in 2018,50 - 200 employees,https://www.instahyre.com/job-235459-ruby-on-rails-developer-at-rootquotient-chennai/
48,2023-Jul-26,Vymo - Member of Technical Staff,Backend Development,Job available in Bangalore,"['Backend Development', 'Java', 'Hibernate', 'Spring']",Founded in 2013,50 - 200 employees,https://www.instahyre.com/job-242101-member-of-technical-staff-at-vymo-bangalore/
49,2023-Jul-26,Vymo - Solutions Engineer,Backend Development,Job available in Bangalore,"['Backend Development', 'Java', 'Hibernate', 'Spring']",Founded in 2013,50 - 200 employees,https://www.instahyre.com/job-241632-solutions-engineer-at-vymo-bangalore/
50,2023-Jul-26,AHAsolar - CakePHP Developer,Backend Development,Job available in Ahmedabad,"['Backend Development', 'CakePHP', 'Network Troubleshooting', '+2', 'Algorithms', 'PHP']",Founded in 2017,10 - 50 employees,https://www.instahyre.com/job-229501-cakephp-developer-at-ahasolar-ahmedabad/
51,2023-Jul-26,Blaash - C# Developer,Backend Development,Job available in Bangalore,"['Backend Development', 'CakePHP', 'Network Troubleshooting', '+2', 'Algorithms', 'PHP']",Founded in 2021,0 - 10 employees,https://www.instahyre.com/job-229096-c-developer-at-blaash-bangalore/
52,2023-Jul-26,BSG ITSoft - Java Developer,Backend Development,Job available in Mumbai,"['Backend Development', 'CakePHP', 'Network Troubleshooting', '+2', 'Algorithms', 'PHP']",Founded in 2010,200 - 500 employees,https://www.instahyre.com/job-221703-java-developer-at-bsg-itsoft-mumbai/
53,2023-Jul-26,Globiva - Domestic Process - Inbound Voice,Backend Development,Job available in Gurgaon,"['Backend Development', 'CakePHP', 'Network Troubleshooting', '+2', 'Algorithms', 'PHP']",Founded in 2018,More than 1000 employees,https://www.instahyre.com/job-217361-domestic-process-inbound-voice-at-globiva-gurgaon/
54,2023-Jul-26,Nab - Backend Developer - Java [T500 - 5942,Backend Development,Job available in Gurgaon,"['Backend Development', 'CakePHP', 'Network Troubleshooting', '+2', 'Algorithms', 'PHP']",Founded in 1981,More than 1000 employees,https://www.instahyre.com/job-217407-backend-developer-java-t500-5942-at-nab-gurgaon/
55,2023-Jul-26,Nab - Backend Developer - Python [T500 - 5949,Backend Development,Job available in Gurgaon,"['Backend Development', 'CakePHP', 'Network Troubleshooting', '+2', 'Algorithms', 'PHP']",Founded in 1981,More than 1000 employees,https://www.instahyre.com/job-217410-backend-developer-python-t500-5949-at-nab-gurgaon/
56,2023-Jul-26,Paymatrix - Full Stack Engineer,Backend Development,Job available in Gurgaon,"['Backend Development', 'CakePHP', 'Network Troubleshooting', '+2', 'Algorithms', 'PHP']",Founded in 2015,10 - 50 employees,https://www.instahyre.com/job-228220-full-stack-engineer-at-paymatrix-gurgaon/
57,2023-Jul-26,Phosphorus Solutions - PHP Laravel Developer,Backend Development,Job available in Noida,"['Backend Development', 'CakePHP', 'Network Troubleshooting', '+2', 'Algorithms', 'PHP']",Founded in 2022,10 - 50 employees,https://www.instahyre.com/job-225288-php-laravel-developer-at-phosphorus-solutions-noida/
58,2023-Jul-26,Qbit Labs - R&D Engineer Trainee,Backend Development,Job available in Gurgaon,"['Backend Development', 'CakePHP', 'Network Troubleshooting', '+2', 'Algorithms', 'PHP']",Founded in 2020,50 - 200 employees,https://www.instahyre.com/job-234687-rd-engineer-trainee-at-qbit-labs-gurgaon/
59,2023-Jul-26,VehicleCare - Software Engineer,Backend Development,Job available in Gurgaon,"['Backend Development', 'CakePHP', 'Network Troubleshooting', '+2', 'Algorithms', 'PHP']",Founded in 2019,50 - 200 employees,https://www.instahyre.com/job-233854-software-engineer-at-vehiclecare-gurgaon/
60,2023-Jul-26,Altruist Technologies - Customer Service,Backend Development,Job available in Noida,"['Backend Development', 'Customer Service', 'Customer Relationship', '+3', 'Customer Interaction', 'Call Center Operations', 'Microsoft Office']",Founded in 2005,More than 1000 employees,https://www.instahyre.com/job-205037-customer-service-at-altruist-technologies-noida/
61,2023-Jul-26,Assurekit - Java Developer,Backend Development,Job available in Bangalore,"['Backend Development', 'Customer Service', 'Customer Relationship', '+3', 'Customer Interaction', 'Call Center Operations', 'Microsoft Office']",Founded in 2019,10 - 50 employees,https://www.instahyre.com/job-203773-java-developer-at-assurekit-bangalore/
62,2023-Jul-26,BlueStone.com - Junior Java Developers,Backend Development,Job available in Bangalore,"['Backend Development', 'Customer Service', 'Customer Relationship', '+3', 'Customer Interaction', 'Call Center Operations', 'Microsoft Office']",Founded in 2011,200 - 500 employees,https://www.instahyre.com/job-213958-junior-java-developers-at-bluestone-bangalore/
63,2023-Jul-26,Firstsource - Domestic Process,Backend Development,Job available in Bangalore,"['Backend Development', 'Customer Service', 'Customer Relationship', '+3', 'Customer Interaction', 'Call Center Operations', 'Microsoft Office']",Founded in 1995,More than 1000 employees,https://www.instahyre.com/job-217346-domestic-process-at-firstsource-bangalore/
64,2023-Jul-26,Firstsource - International Non Voice Process,Backend Development,Job available in Bangalore,"['Backend Development', 'Customer Service', 'Customer Relationship', '+3', 'Customer Interaction', 'Call Center Operations', 'Microsoft Office']",Founded in 1995,More than 1000 employees,https://www.instahyre.com/job-217340-international-non-voice-process-at-firstsource-bangalore/
65,2023-Jul-26,Firstsource - International Process,Backend Development,Job available in Hyderabad,"['Backend Development', 'Customer Service', 'Customer Relationship', '+3', 'Customer Interaction', 'Call Center Operations', 'Microsoft Office']",Founded in 1995,More than 1000 employees,https://www.instahyre.com/job-217344-international-process-at-firstsource-hyderabad/
66,2023-Jul-26,Firstsource - International Process - Voice,Backend Development,Job available in Bangalore,"['Backend Development', 'Customer Service', 'Customer Relationship', '+3', 'Customer Interaction', 'Call Center Operations', 'Microsoft Office']",Founded in 1995,More than 1000 employees,https://www.instahyre.com/job-217325-international-process-voice-at-firstsource-bangalore/
67,2023-Jul-26,Navi Technologies - Domestic Process,Backend Development,Job available in Bangalore,"['Backend Development', 'Customer Service', 'Customer Relationship', '+3', 'Customer Interaction', 'Call Center Operations', 'Microsoft Office']",Founded in 2019,50 - 200 employees,https://www.instahyre.com/job-217321-domestic-process-at-navi-technologies-bangalore/
68,2023-Jul-26,OnJuno - Backend Developer,Backend Development,Job available in Bangalore,"['Backend Development', 'Customer Service', 'Customer Relationship', '+3', 'Customer Interaction', 'Call Center Operations', 'Microsoft Office']",Founded in 2019,50 - 200 employees,https://www.instahyre.com/job-205286-backend-developer-at-onjuno-bangalore/
69,2023-Jul-26,Railofy - Python Developer,Backend Development,Job available in Work From Home,"['Backend Development', 'Customer Service', 'Customer Relationship', '+3', 'Customer Interaction', 'Call Center Operations', 'Microsoft Office']",Founded in 2020,10 - 50 employees,https://www.instahyre.com/job-216198-python-developer-at-railofy-work-from-home/
70,2023-Jul-26,Aakash Educational Services - Software Engineer,Backend Development,Job available in Gurgaon,"['Backend Development', 'Java', 'Spring Boot', 'Hibernate', '+2', 'Data Structures', 'Algorithms']",Founded in 1988,More than 1000 employees,https://www.instahyre.com/job-179921-software-engineer-at-aakash-educational-services-gurgaon/
71,2023-Jul-26,BlueStone.com - Backend Developer,Backend Development,Job available in Bangalore,"['Backend Development', 'Java', 'Spring Boot', 'Hibernate', '+2', 'Data Structures', 'Algorithms']",Founded in 2011,200 - 500 employees,https://www.instahyre.com/job-200035-backend-developer-at-bluestone-bangalore/
72,2023-Jul-26,Eureka Outsourcing Solutions - Email and Chat Process,Backend Development,Job available in Noida,"['Backend Development', 'Java', 'Spring Boot', 'Hibernate', '+2', 'Data Structures', 'Algorithms']",Founded in 1997,More than 1000 employees,https://www.instahyre.com/job-203294-email-and-chat-process-at-eureka-outsourcing-solutions-noida/
73,2023-Jul-26,Handysolver - PHP Developer,Backend Development,Job available in Gurgaon,"['Backend Development', 'Java', 'Spring Boot', 'Hibernate', '+2', 'Data Structures', 'Algorithms']",Founded in 2013,10 - 50 employees,https://www.instahyre.com/job-184289-php-developer-at-handysolver-gurgaon/
74,2023-Jul-26,Ipetronik - Software Engineer,Backend Development,Job available in Bangalore,"['Backend Development', 'Java', 'Spring Boot', 'Hibernate', '+2', 'Data Structures', 'Algorithms']",Founded in 1989,50 - 200 employees,https://www.instahyre.com/job-192386-software-engineer-at-ipetronik-bangalore/
75,2023-Jul-26,Josh Software - Java Developer,Backend Development,Job available in Bangalore,"['Backend Development', 'Java', 'Spring Boot', 'Hibernate', '+2', 'Data Structures', 'Algorithms']",Founded in 2007,50 - 200 employees,https://www.instahyre.com/job-169032-java-developer-at-josh-software-bangalore/
76,2023-Jul-26,Nab - Backend Developer - Java [T500 - 5196],Backend Development,Job available in Gurgaon,"['Backend Development', 'Java', 'Spring Boot', 'Hibernate', '+2', 'Data Structures', 'Algorithms']",Founded in 1981,More than 1000 employees,https://www.instahyre.com/job-202324-backend-developer-java-t500-5196-at-nab-gurgaon/
77,2023-Jul-26,Stracuity Consulting - SDE 1 - Node.js,Backend Development,Job available in Bangalore,"['Backend Development', 'Java', 'Spring Boot', 'Hibernate', '+2', 'Data Structures', 'Algorithms']",Founded in 2015,10 - 50 employees,https://www.instahyre.com/job-143906-sde-1-nodejs-at-stracuity-consulting-bangalore/
78,2023-Jul-26,Streak AI - Backend Developer,Backend Development,Job available in Bangalore,"['Backend Development', 'Java', 'Spring Boot', 'Hibernate', '+2', 'Data Structures', 'Algorithms']",Founded in 2017,10 - 50 employees,https://www.instahyre.com/job-153032-backend-developer-at-streak-ai-bangalore/
79,2023-Jul-26,XTEN-AV - Jr. Software Developer,Backend Development,Job available in Noida,"['Backend Development', 'Java', 'Spring Boot', 'Hibernate', '+2', 'Data Structures', 'Algorithms']",Founded in 2017,10 - 50 employees,https://www.instahyre.com/job-195234-jr-software-developer-at-xten-av-noida/
80,2023-Jul-26,Wipro - Software Developer,Backend Development,Job available in Delhi,"['Backend Development', 'React.js', 'Redux', 'Node.js', 'JavaScript', '+1', 'HTML']",Founded in 1945,More than 1000 employees,https://www.instahyre.com/job-118169-software-developer-at-wipro-delhi/
81,2023-Jul-26,Aasaanjobs - ASP.NET Developer,Frontend Development,Job available in Kolkata,"['Frontend Development', 'HTML', 'CSS', 'C#', 'SQL Server', 'ASP.NET']",Founded in 2014,200 - 500 employees,https://www.instahyre.com/job-265441-aspnet-developer-at-aasaanjobs-6-kolkata/
82,2023-Jul-26,Aasaanjobs - ASP.NET Developer,Frontend Development,Job available in Kolkata,"['Frontend Development', 'HTML', 'CSS', 'C#', 'SQL Server', 'ASP.NET']",Founded in 2014,200 - 500 employees,https://www.instahyre.com/job-265535-aspnet-developer-at-aasaanjobs-6-kolkata/
83,2023-Jul-26,Arteria Technologies - SAPUI5 Trainee,Frontend Development,Job available in Bangalore,"['Frontend Development', 'HTML', 'CSS', 'C#', 'SQL Server', 'ASP.NET']",Founded in 2007,200 - 500 employees,https://www.instahyre.com/job-268113-sapui5-trainee-at-arteria-technologies-bangalore/
84,2023-Jul-26,Atlan - Frontend Developer - Intern (Internship),Frontend Development,Job available in Work From Home,"['Frontend Development', 'HTML', 'CSS', 'C#', 'SQL Server', 'ASP.NET']",Founded in 2019,50 - 200 employees,https://www.instahyre.com/job-264137-frontend-developer-intern-internship-at-atlan-work-from-home/
85,2023-Jul-26,Bright Money - Frontend Engineer - Internship,Frontend Development,Job available in Bangalore,"['Frontend Development', 'HTML', 'CSS', 'C#', 'SQL Server', 'ASP.NET']",Founded in 2019,50 - 200 employees,https://www.instahyre.com/job-267607-frontend-engineer-internship-at-bright-money-bangalore/
86,2023-Jul-26,CodeGen International - Java Developer,Frontend Development,Job available in Hyderabad,"['Frontend Development', 'HTML', 'CSS', 'C#', 'SQL Server', 'ASP.NET']",Founded in 1999,200 - 500 employees,https://www.instahyre.com/job-266529-java-developer-at-codegen-international-hyderabad/
87,2023-Jul-26,CodeGen International - Java Developer,Frontend Development,Job available in Hyderabad,"['Frontend Development', 'HTML', 'CSS', 'C#', 'SQL Server', 'ASP.NET']",Founded in 1999,200 - 500 employees,https://www.instahyre.com/job-266554-java-developer-at-codegen-international-hyderabad/
88,2023-Jul-26,CreativeDigitalMedia - Web Developer,Frontend Development,Job available in Bangalore,"['Frontend Development', 'HTML', 'CSS', 'C#', 'SQL Server', 'ASP.NET']",Founded in 2022,0 - 10 employees,https://www.instahyre.com/job-267289-web-developer-at-creativedigitalmedia-bangalore/
89,2023-Jul-26,FieldAssist - Flutter Developer,Frontend Development,Job available in Gurgaon,"['Frontend Development', 'HTML', 'CSS', 'C#', 'SQL Server', 'ASP.NET']",Founded in 2014,50 - 200 employees,https://www.instahyre.com/job-266837-flutter-developer-at-fieldassist-gurgaon/
90,2023-Jul-26,Moolya Software Testing - Junior React Engineer,Frontend Development,Job available in Bangalore,"['Frontend Development', 'HTML', 'CSS', 'C#', 'SQL Server', 'ASP.NET']",Founded in 2010,50 - 200 employees,https://www.instahyre.com/job-264438-junior-react-engineer-at-moolya-software-testing-bangalore/
91,2023-Jul-26,Gan.ai - Frontend Developer - AS,Frontend Development,Job available in Noida,"['Frontend Development', 'React.js', 'JavaScript', 'Data Structures', '+2', 'Algorithms', 'SQL']",Founded in 2021,10 - 50 employees,https://www.instahyre.com/job-260464-frontend-developer-as-at-gan-noida/
92,2023-Jul-26,Gan.ai - Frontend Engineer,Frontend Development,Job available in Noida,"['Frontend Development', 'React.js', 'JavaScript', 'Data Structures', '+2', 'Algorithms', 'SQL']",Founded in 2021,10 - 50 employees,https://www.instahyre.com/job-256665-frontend-engineer-at-gan-noida/
93,2023-Jul-26,Gan.ai - Frontend Engineer - R24,Frontend Development,Job available in Noida,"['Frontend Development', 'React.js', 'JavaScript', 'Data Structures', '+2', 'Algorithms', 'SQL']",Founded in 2021,10 - 50 employees,https://www.instahyre.com/job-256683-frontend-engineer-r24-at-gan-noida/
94,2023-Jul-26,Gan.ai - Frontend Engineer SS24,Frontend Development,Job available in Noida,"['Frontend Development', 'React.js', 'JavaScript', 'Data Structures', '+2', 'Algorithms', 'SQL']",Founded in 2021,10 - 50 employees,https://www.instahyre.com/job-256667-frontend-engineer-ss24-at-gan-noida/
95,2023-Jul-26,Gida Technologies - Frontend Developer,Frontend Development,Job available in Bangalore,"['Frontend Development', 'React.js', 'JavaScript', 'Data Structures', '+2', 'Algorithms', 'SQL']",Founded in 2012,10 - 50 employees,https://www.instahyre.com/job-255675-frontend-developer-at-gida-technologies-bangalore/
96,2023-Jul-26,Kombai - Software Engineer - Frontend,Frontend Development,Job available in Pune,"['Frontend Development', 'React.js', 'JavaScript', 'Data Structures', '+2', 'Algorithms', 'SQL']",Founded in 2022,0 - 10 employees,https://www.instahyre.com/job-249811-software-engineer-frontend-at-kombai-pune/
97,2023-Jul-26,KreditBee - Frontend Developer - SS24,Frontend Development,Job available in Noida,"['Frontend Development', 'React.js', 'JavaScript', 'Data Structures', '+2', 'Algorithms', 'SQL']",Founded in 2018,200 - 500 employees,https://www.instahyre.com/job-256697-frontend-developer-ss24-at-kreditbee-noida/
98,2023-Jul-26,ShortLoop - Fullstack Engineer,Frontend Development,Job available in Bangalore,"['Frontend Development', 'React.js', 'JavaScript', 'Data Structures', '+2', 'Algorithms', 'SQL']",Founded in 2022,0 - 10 employees,https://www.instahyre.com/job-262894-fullstack-engineer-at-shortloop-bangalore/
99,2023-Jul-26,Uplers Solution - HTML Trainee,Frontend Development,Job available in Work From Home,"['Frontend Development', 'React.js', 'JavaScript', 'Data Structures', '+2', 'Algorithms', 'SQL']",Founded in 2012,500 - 1000 employees,https://www.instahyre.com/job-258561-html-trainee-at-uplers-solution-work-from-home/
100,2023-Jul-26,ZYOD - Frontend Engineer (SDE),Frontend Development,Job available in Gurgaon,"['Frontend Development', 'React.js', 'JavaScript', 'Data Structures', '+2', 'Algorithms', 'SQL']",Founded in 2023,10 - 50 employees,https://www.instahyre.com/job-256362-frontend-engineer-sde-at-zyod-gurgaon/
101,2023-Jul-26,Bugfoo - Associate Software Developer,Frontend Development,Job available in Gurgaon,"['Frontend Development', 'HTML', 'JavaScript', 'Angular', 'React.js', '+1', 'Vue.js']",Founded in 2022,0 - 10 employees,https://www.instahyre.com/job-245104-associate-software-developer-at-bugfoo-gurgaon/
102,2023-Jul-26,Caavo - Software Engineer,Frontend Development,"Job available in Bangalore, Work From Home","['Frontend Development', 'HTML', 'JavaScript', 'Angular', 'React.js', '+1', 'Vue.js']",Founded in 2015,50 - 200 employees,https://www.instahyre.com/job-239319-software-engineer-at-caavo-bangalore-work-from-home/
103,2023-Jul-26,Hospitality Minds - Web Developer (Internship),Frontend Development,Job available in Mumbai,"['Frontend Development', 'HTML', 'JavaScript', 'Angular', 'React.js', '+1', 'Vue.js']",Founded in 2016,10 - 50 employees,https://www.instahyre.com/job-243802-web-developer-at-hospitality-minds-mumbai/
104,2023-Jul-26,Mosphe - Wordpress Developer,Frontend Development,Job available in Indore,"['Frontend Development', 'HTML', 'JavaScript', 'Angular', 'React.js', '+1', 'Vue.js']",Founded in 2018,50 - 200 employees,https://www.instahyre.com/job-237650-wordpress-developer-at-mosphe-indore/
105,2023-Jul-26,Oneistox - Frontend Developer,Frontend Development,Job available in Gurgaon,"['Frontend Development', 'HTML', 'JavaScript', 'Angular', 'React.js', '+1', 'Vue.js']",Founded in 2018,10 - 50 employees,https://www.instahyre.com/job-222656-frontend-developer-at-oneistox-gurgaon/
106,2023-Jul-26,Renaissance Technologies - Web Developer,Frontend Development,Job available in Bangalore,"['Frontend Development', 'HTML', 'JavaScript', 'Angular', 'React.js', '+1', 'Vue.js']",Founded in 2000,50 - 200 employees,https://www.instahyre.com/job-247405-web-developer-at-renaissance-technologies-bangalore/
107,2023-Jul-26,RockED - Software Development Engineer - L,Frontend Development,Job available in Work From Home,"['Frontend Development', 'HTML', 'JavaScript', 'Angular', 'React.js', '+1', 'Vue.js']",Founded in 2021,0 - 10 employees,https://www.instahyre.com/job-247737-software-development-engineer-l-at-rocked-work-from-home/
108,2023-Jul-26,Solvei8 - SDE 1,Frontend Development,Job available in Bangalore,"['Frontend Development', 'HTML', 'JavaScript', 'Angular', 'React.js', '+1', 'Vue.js']",Founded in 2023,50 - 200 employees,https://www.instahyre.com/job-240868-sde-1-at-solvei8-bangalore/
109,2023-Jul-26,Sprinklr - Frontend / Web Engineer,Frontend Development,"Job available in Bangalore, Gurgaon","['Frontend Development', 'HTML', 'JavaScript', 'Angular', 'React.js', '+1', 'Vue.js']",Founded in 2009,More than 1000 employees,https://www.instahyre.com/job-227108-frontend-web-engineer-at-sprinklr-bangalore-gurgaon/
110,2023-Jul-26,VCD Studio - Front End Developer,Frontend Development,"Job available in Bangalore, Work From Home","['Frontend Development', 'HTML', 'JavaScript', 'Angular', 'React.js', '+1', 'Vue.js']",Founded in 2013,0 - 10 employees,https://www.instahyre.com/job-246033-front-end-developer-at-vcd-studio-bangalore-work-from-home/
111,2023-Jul-26,AHAsolar - Angular Developer,Frontend Development,Job available in Ahmedabad,"['Frontend Development', 'JavaScript', 'Angular']",Founded in 2017,10 - 50 employees,https://www.instahyre.com/job-211171-angular-developer-at-ahasolar-ahmedabad/
112,2023-Jul-26,BookMyTourNow - Web Developer,Frontend Development,"Job available in Gurgaon, Work From Home","['Frontend Development', 'JavaScript', 'Angular']",Founded in 2014,50 - 200 employees,https://www.instahyre.com/job-161608-web-developer-at-bookmytournow-gurgaon-work-from-home/
113,2023-Jul-26,Carestack - Software Engineer,Frontend Development,Job available in Bangalore,"['Frontend Development', 'JavaScript', 'Angular']",Founded in 2015,200 - 500 employees,https://www.instahyre.com/job-175418-software-engineer-at-carestack-bangalore/
114,2023-Jul-26,Recrosoft Technologies - Frontend Developer,Frontend Development,Job available in Bangalore,"['Frontend Development', 'JavaScript', 'Angular']",Founded in 2012,200 - 500 employees,https://www.instahyre.com/job-174502-frontend-developer-at-recrosoft-technologies-bangalore/
115,2023-Jul-26,SDS Softwares - React.js Developer,Frontend Development,Job available in Noida,"['Frontend Development', 'JavaScript', 'Angular']",Founded in 2007,10 - 50 employees,https://www.instahyre.com/job-210498-reactjs-developer-at-sds-softwares-noida/
116,2023-Jul-26,Sowere Technologies and Innovations - Angular Developer,Frontend Development,Job available in Jaipur,"['Frontend Development', 'JavaScript', 'Angular']",Founded in 2018,10 - 50 employees,https://www.instahyre.com/job-212066-angular-developer-at-sowere-technologies-and-innovations-jaipur/
117,2023-Jul-26,Stracuity Consulting - SDE 1 - Node.js,Frontend Development,Job available in Bangalore,"['Frontend Development', 'JavaScript', 'Angular']",Founded in 2015,10 - 50 employees,https://www.instahyre.com/job-143906-sde-1-nodejs-at-stracuity-consulting-bangalore/
118,2023-Jul-26,Wolken Software - Angular Developer,Frontend Development,Job available in Bangalore,"['Frontend Development', 'JavaScript', 'Angular']",Founded in 2011,10 - 50 employees,https://www.instahyre.com/job-202223-angular-developer-at-wolken-software-bangalore/
119,2023-Jul-26,Wolken Software - Angular Developer,Frontend Development,Job available in Bangalore,"['Frontend Development', 'JavaScript', 'Angular']",Founded in 2011,10 - 50 employees,https://www.instahyre.com/job-202593-angular-developer-at-wolken-software-bangalore/
120,2023-Jul-26,Zamp - Frontend Engineer,Frontend Development,Job available in Gurgaon,"['Frontend Development', 'JavaScript', 'Angular']",Founded in 2022,10 - 50 employees,https://www.instahyre.com/job-215486-frontend-engineer-at-zamp-gurgaon/
121,2023-Jul-26,Airmeet - Jr. Frontend Developer,Frontend Development,Job available in Work From Home,"['Frontend Development', 'TypeScript', 'React.js', 'Angular', '+1', 'Angular Material']",Founded in 2019,200 - 500 employees,https://www.instahyre.com/job-61450-jr-frontend-developer-at-airmeet-work-from-home/
122,2023-Jul-26,RESCUE - Frontend and React.js Developer,Frontend Development,Job available in Bangalore,"['Frontend Development', 'TypeScript', 'React.js', 'Angular', '+1', 'Angular Material']",Founded in 2011,10 - 50 employees,https://www.instahyre.com/job-106028-frontend-and-reactjs-developer-at-rescue-bangalore/
123,2023-Jul-26,Shiva Infotech - Angular Developer,Frontend Development,Job available in Delhi,"['Frontend Development', 'TypeScript', 'React.js', 'Angular', '+1', 'Angular Material']",Founded in 1990,10 - 50 employees,https://www.instahyre.com/job-121454-angular-developer-at-shiva-infotech-delhi/
124,2023-Jul-26,Wipro - Software Developer,Frontend Development,Job available in Delhi,"['Frontend Development', 'TypeScript', 'React.js', 'Angular', '+1', 'Angular Material']",Founded in 1945,More than 1000 employees,https://www.instahyre.com/job-118169-software-developer-at-wipro-delhi/
125,2023-Jul-26,Wizroots Technologies - Senior Front End Developer,Frontend Development,Job available in Bangalore,"['Frontend Development', 'TypeScript', 'React.js', 'Angular', '+1', 'Angular Material']",Founded in 2014,10 - 50 employees,https://www.instahyre.com/job-110695-senior-front-end-developer-at-wizroots-technologies-bangalore/
126,2023-Jul-26,CodeGen International - Java Developer,Full-Stack Development,Job available in Hyderabad,"['Full-Stack Development', 'Java', 'Angular', 'Spring Boot', 'React.js']",Founded in 1999,200 - 500 employees,https://www.instahyre.com/job-266529-java-developer-at-codegen-international-hyderabad/
127,2023-Jul-26,CodeGen International - Java Developer,Full-Stack Development,Job available in Hyderabad,"['Full-Stack Development', 'Java', 'Angular', 'Spring Boot', 'React.js']",Founded in 1999,200 - 500 employees,https://www.instahyre.com/job-266554-java-developer-at-codegen-international-hyderabad/
128,2023-Jul-26,Gan.ai - Frontend Developer - AS,Full-Stack Development,Job available in Noida,"['Full-Stack Development', 'Java', 'Angular', 'Spring Boot', 'React.js']",Founded in 2021,10 - 50 employees,https://www.instahyre.com/job-260464-frontend-developer-as-at-gan-noida/
129,2023-Jul-26,Klimb.io - Full Stack Developer (Internship),Full-Stack Development,Job available in Work From Home,"['Full-Stack Development', 'Java', 'Angular', 'Spring Boot', 'React.js']",Founded in 2015,10 - 50 employees,https://www.instahyre.com/job-269628-full-stack-developer-internship-at-klimb-work-from-home/
130,2023-Jul-26,Klimb.io - Full Stack Developer Intern (Internship),Full-Stack Development,Job available in Work From Home,"['Full-Stack Development', 'Java', 'Angular', 'Spring Boot', 'React.js']",Founded in 2015,10 - 50 employees,https://www.instahyre.com/job-270021-full-stack-developer-intern-internship-at-klimb-work-from-home/
131,2023-Jul-26,Neokred - MERN Stack Engineer,Full-Stack Development,Job available in Bangalore,"['Full-Stack Development', 'Java', 'Angular', 'Spring Boot', 'React.js']",Founded in 2019,10 - 50 employees,https://www.instahyre.com/job-269782-mern-stack-engineer-at-neokred-bangalore/
132,2023-Jul-26,Saara - Associate Software Developer,Full-Stack Development,Job available in Bangalore,"['Full-Stack Development', 'Java', 'Angular', 'Spring Boot', 'React.js']",Founded in 2019,10 - 50 employees,https://www.instahyre.com/job-260940-associate-software-developer-at-saara-bangalore/
133,2023-Jul-26,ShortLoop - Fullstack Engineer,Full-Stack Development,Job available in Bangalore,"['Full-Stack Development', 'Java', 'Angular', 'Spring Boot', 'React.js']",Founded in 2022,0 - 10 employees,https://www.instahyre.com/job-262894-fullstack-engineer-at-shortloop-bangalore/
134,2023-Jul-26,Signitives - Laravel Developer - PHP,Full-Stack Development,Job available in Hyderabad,"['Full-Stack Development', 'Java', 'Angular', 'Spring Boot', 'React.js']",Founded in 2022,50 - 200 employees,https://www.instahyre.com/job-269217-laravel-developer-php-at-signitives-hyderabad/
135,2023-Jul-26,TechnoIdentity - Software Engineer - Trainee,Full-Stack Development,Job available in Hyderabad,"['Full-Stack Development', 'Java', 'Angular', 'Spring Boot', 'React.js']",Founded in 2011,50 - 200 employees,https://www.instahyre.com/job-266513-software-engineer-trainee-at-technoidentity-hyderabad/
136,2023-Jul-26,BeePrecise - Full Stack Development - Mobile and Web Apps (Internship),Full-Stack Development,Job available in Bangalore,"['Full-Stack Development', 'JavaScript', 'Node.js', 'React.js']",Founded in 2023,0 - 10 employees,https://www.instahyre.com/job-258099-full-stack-development-mobile-and-web-apps-at-beeprecise-bangalore/
137,2023-Jul-26,Buddy On Move - Software Development Internship,Full-Stack Development,Job available in Delhi,"['Full-Stack Development', 'JavaScript', 'Node.js', 'React.js']",Founded in 2022,10 - 50 employees,https://www.instahyre.com/job-255632-software-development-internship-at-buddy-on-move-delhi/
138,2023-Jul-26,iKart Solutions - Dotnet Developer (Internship),Full-Stack Development,Job available in Ahmedabad,"['Full-Stack Development', 'JavaScript', 'Node.js', 'React.js']",Founded in 2014,0 - 10 employees,https://www.instahyre.com/job-257209-dotnet-developer-at-ikart-solutions-ahmedabad/
139,2023-Jul-26,Mactores - Data Engineer (Internship),Full-Stack Development,Job available in Work From Home,"['Full-Stack Development', 'JavaScript', 'Node.js', 'React.js']",Founded in 2009,50 - 200 employees,https://www.instahyre.com/job-258379-data-engineer-at-mactores-2-work-from-home/
140,2023-Jul-26,Nexplace Realty - Java Developer,Full-Stack Development,Job available in Bangalore,"['Full-Stack Development', 'JavaScript', 'Node.js', 'React.js']",Founded in 2020,200 - 500 employees,https://www.instahyre.com/job-257958-java-developer-at-nexplace-realty-bangalore/
141,2023-Jul-26,Plex Labs - Full Stack Engineer,Full-Stack Development,Job available in Hyderabad,"['Full-Stack Development', 'JavaScript', 'Node.js', 'React.js']",Founded in 2022,10 - 50 employees,https://www.instahyre.com/job-257351-full-stack-engineer-at-plex-labs-hyderabad/
142,2023-Jul-26,RapidQube Digital Solutions - ERPNext Developer,Full-Stack Development,"Job available in Chennai, Mumbai","['Full-Stack Development', 'JavaScript', 'Node.js', 'React.js']",Founded in 2016,50 - 200 employees,https://www.instahyre.com/job-252494-erpnext-developer-at-rapidqube-digital-solutions-chennai-mumbai/
143,2023-Jul-26,RKS Cloud - Full - Stack Engineer,Full-Stack Development,Job available in Mumbai,"['Full-Stack Development', 'JavaScript', 'Node.js', 'React.js']",Founded in 2020,10 - 50 employees,https://www.instahyre.com/job-255492-full-stack-engineer-at-rks-cloud-mumbai/
144,2023-Jul-26,StanceBeam - Android Developer,Full-Stack Development,Job available in Bangalore,"['Full-Stack Development', 'JavaScript', 'Node.js', 'React.js']",Founded in 2017,10 - 50 employees,https://www.instahyre.com/job-255274-android-developer-at-stancebeam-2-bangalore/
145,2023-Jul-26,StanceBeam - Python Developer,Full-Stack Development,Job available in Bangalore,"['Full-Stack Development', 'JavaScript', 'Node.js', 'React.js']",Founded in 2017,10 - 50 employees,https://www.instahyre.com/job-253488-python-developer-at-stancebeam-2-bangalore/
146,2023-Jul-26,Busibud - Full Stack Developer,Full-Stack Development,Job available in Work From Home,"['Full-Stack Development', 'JavaScript', 'PHP', 'Python']",Founded in 2013,10 - 50 employees,https://www.instahyre.com/job-234213-full-stack-developer-at-busibud-work-from-home/
147,2023-Jul-26,Capital Street FX - Front End Developer,Full-Stack Development,Job available in Gurgaon,"['Full-Stack Development', 'JavaScript', 'PHP', 'Python']",Founded in 2002,200 - 500 employees,https://www.instahyre.com/job-234914-front-end-developer-at-capital-street-fx-2-gurgaon/
148,2023-Jul-26,DeepStack Software - MERN Stack Developer,Full-Stack Development,Job available in Hyderabad,"['Full-Stack Development', 'JavaScript', 'PHP', 'Python']",Founded in 2018,0 - 10 employees,https://www.instahyre.com/job-235120-mern-stack-developer-at-deepstack-software-2-hyderabad/
149,2023-Jul-26,Einfach Zauberer Technologies - Java Developer - Trainee,Full-Stack Development,Job available in Kochi,"['Full-Stack Development', 'JavaScript', 'PHP', 'Python']",Founded in 2015,10 - 50 employees,https://www.instahyre.com/job-237656-java-developer-trainee-at-einfach-zauberer-technologies-kochi/
150,2023-Jul-26,Gyrominds Technology Solutions - Java Developer,Full-Stack Development,Job available in Bangalore,"['Full-Stack Development', 'JavaScript', 'PHP', 'Python']",Founded in 2015,10 - 50 employees,https://www.instahyre.com/job-237369-java-developer-at-gyrominds-technology-solutions-bangalore/
151,2023-Jul-26,IIH Global - Full Stack Developer,Full-Stack Development,Job available in Rajkot,"['Full-Stack Development', 'JavaScript', 'PHP', 'Python']",Founded in 2013,10 - 50 employees,https://www.instahyre.com/job-245074-full-stack-developer-at-iih-global-rajkot/
152,2023-Jul-26,Kombai - Software Engineer - Frontend,Full-Stack Development,Job available in Pune,"['Full-Stack Development', 'JavaScript', 'PHP', 'Python']",Founded in 2022,0 - 10 employees,https://www.instahyre.com/job-249811-software-engineer-frontend-at-kombai-pune/
153,2023-Jul-26,Stackfusion - Fullstack Engineer,Full-Stack Development,Job available in Pune,"['Full-Stack Development', 'JavaScript', 'PHP', 'Python']",Founded in 2018,10 - 50 employees,https://www.instahyre.com/job-233522-fullstack-engineer-at-stackfusion-pune/
154,2023-Jul-26,TCY Learning Solutions - iOS Developer,Full-Stack Development,Job available in Ludhiana,"['Full-Stack Development', 'JavaScript', 'PHP', 'Python']",Founded in 2000,200 - 500 employees,https://www.instahyre.com/job-244089-ios-developer-at-tcy-learning-solutions-ludhiana/
155,2023-Jul-26,Xencov - Full Stack Developer (Internship),Full-Stack Development,"Job available in Bangalore, Delhi","['Full-Stack Development', 'JavaScript', 'PHP', 'Python']",Founded in 2017,0 - 10 employees,https://www.instahyre.com/job-242636-full-stack-developer-at-xencov-bangalore-delhi/
156,2023-Jul-26,Busibud - Full Stack Developer,Full-Stack Development,Job available in Bangalore,"['Full-Stack Development', 'JavaScript', 'PHP', 'Python']",Founded in 2013,10 - 50 employees,https://www.instahyre.com/job-219676-full-stack-developer-at-busibud-bangalore/
157,2023-Jul-26,Busibud - Full Stack Developer,Full-Stack Development,Job available in Work From Home,"['Full-Stack Development', 'JavaScript', 'PHP', 'Python']",Founded in 2013,10 - 50 employees,https://www.instahyre.com/job-225685-full-stack-developer-at-busibud-work-from-home/
158,2023-Jul-26,DailyWorks - Full Stack Developer,Full-Stack Development,Job available in Chennai,"['Full-Stack Development', 'JavaScript', 'PHP', 'Python']",Founded in 2021,0 - 10 employees,https://www.instahyre.com/job-228340-full-stack-developer-at-dailyworks-chennai/
159,2023-Jul-26,Generation Next - PHP / Laravel / CodeIgniter Developer,Full-Stack Development,Job available in Surat,"['Full-Stack Development', 'JavaScript', 'PHP', 'Python']",Founded in 2010,0 - 10 employees,https://www.instahyre.com/job-203916-php-laravel-codeigniter-developer-at-generation-next-surat/
160,2023-Jul-26,leap.club - Full Stack Developer,Full-Stack Development,Job available in Gurgaon,"['Full-Stack Development', 'JavaScript', 'PHP', 'Python']",Founded in 2020,10 - 50 employees,https://www.instahyre.com/job-232320-full-stack-developer-at-leap-gurgaon/
161,2023-Jul-26,Monsoon CreditTech - Python Developer,Full-Stack Development,"Job available in Gurgaon, Mumbai","['Full-Stack Development', 'JavaScript', 'PHP', 'Python']",Founded in 2016,10 - 50 employees,https://www.instahyre.com/job-229411-python-developer-at-monsoon-credittech-gurgaon-mumbai/
162,2023-Jul-26,Oneistox - Frontend Developer,Full-Stack Development,Job available in Gurgaon,"['Full-Stack Development', 'JavaScript', 'PHP', 'Python']",Founded in 2018,10 - 50 employees,https://www.instahyre.com/job-222656-frontend-developer-at-oneistox-gurgaon/
163,2023-Jul-26,Paymatrix - Full Stack Engineer,Full-Stack Development,Job available in Gurgaon,"['Full-Stack Development', 'JavaScript', 'PHP', 'Python']",Founded in 2015,10 - 50 employees,https://www.instahyre.com/job-228220-full-stack-engineer-at-paymatrix-gurgaon/
164,2023-Jul-26,Vide Alpha Tech - Flutter Developer,Full-Stack Development,Job available in Delhi,"['Full-Stack Development', 'JavaScript', 'PHP', 'Python']",Founded in 2021,50 - 200 employees,https://www.instahyre.com/job-229162-flutter-developer-at-vide-alpha-tech-delhi/
165,2023-Jul-26,Yogardens - Software Engineer (Internship),Full-Stack Development,Job available in Bangalore,"['Full-Stack Development', 'JavaScript', 'PHP', 'Python']",Founded in 2023,0 - 10 employees,https://www.instahyre.com/job-229790-software-engineer-at-yogardens-bangalore/
166,2023-Jul-26,Carestack - Software Engineer,Full-Stack Development,Job available in Bangalore,"['Full-Stack Development', 'React.js', 'Java']",Founded in 2015,200 - 500 employees,https://www.instahyre.com/job-175418-software-engineer-at-carestack-bangalore/
167,2023-Jul-26,Goldklix Business Services - Software Developer,Full-Stack Development,Job available in Bangalore,"['Full-Stack Development', 'React.js', 'Java']",Founded in 2017,10 - 50 employees,https://www.instahyre.com/job-142521-software-developer-at-goldklix-business-services-bangalore/
168,2023-Jul-26,Instahyre - Full - Stack Developer,Full-Stack Development,Job available in Work From Home,"['Full-Stack Development', 'React.js', 'Java']",Founded in 2016,50 - 200 employees,https://www.instahyre.com/job-19-full-stack-developer-at-instahyre-work-from-home/
169,2023-Jul-26,Kisan Network - Full Stack Engineer,Full-Stack Development,Job available in Gurgaon,"['Full-Stack Development', 'React.js', 'Java']",Founded in 2015,50 - 200 employees,https://www.instahyre.com/job-53104-full-stack-engineer-at-kisan-network-gurgaon/
170,2023-Jul-26,Stracuity Consulting - SDE 1 - Node.js,Full-Stack Development,Job available in Bangalore,"['Full-Stack Development', 'React.js', 'Java']",Founded in 2015,10 - 50 employees,https://www.instahyre.com/job-143906-sde-1-nodejs-at-stracuity-consulting-bangalore/
171,2023-Jul-26,Trika Technologies - Software Engineer,Full-Stack Development,Job available in Bangalore,"['Full-Stack Development', 'React.js', 'Java']",Founded in 2019,50 - 200 employees,https://www.instahyre.com/job-191834-software-engineer-at-trika-technologies-bangalore/
172,2023-Jul-26,Wipro - Software Developer,Full-Stack Development,Job available in Delhi,"['Full-Stack Development', 'React.js', 'Java']",Founded in 1945,More than 1000 employees,https://www.instahyre.com/job-118169-software-developer-at-wipro-delhi/
173,2023-Jul-26,56 Secure - Data Scientist (Internship),All - Data Science and Analysis,Job available in Bangalore,"['Data Science and Analysis', 'Computer Vision', 'Machine Learning', '+4', 'Python', 'CUDA', 'PyTorch', 'TensorFlow']",Founded in 2020,50 - 200 employees,https://www.instahyre.com/job-269461-data-scientist-internship-at-56-secure-bangalore/
174,2023-Jul-26,Agrim Wholesale - Data Ops Engineer,All - Data Science and Analysis,Job available in Gurgaon,"['Data Science and Analysis', 'Computer Vision', 'Machine Learning', '+4', 'Python', 'CUDA', 'PyTorch', 'TensorFlow']",Founded in 2020,200 - 500 employees,https://www.instahyre.com/job-262911-data-ops-engineer-at-agrim-wholesale-gurgaon/
175,2023-Jul-26,Dalp AI - Deep Learning Engineer,All - Data Science and Analysis,Job available in Hyderabad,"['Data Science and Analysis', 'Computer Vision', 'Machine Learning', '+4', 'Python', 'CUDA', 'PyTorch', 'TensorFlow']",Founded in 2015,200 - 500 employees,https://www.instahyre.com/job-268261-deep-learning-engineer-at-dalp-ai-hyderabad/
176,2023-Jul-26,Genesis Block - Data Scientist,All - Data Science and Analysis,Job available in Work From Home,"['Data Science and Analysis', 'Computer Vision', 'Machine Learning', '+4', 'Python', 'CUDA', 'PyTorch', 'TensorFlow']",Founded in 2020,10 - 50 employees,https://www.instahyre.com/job-268505-data-scientist-at-genesis-block-work-from-home/
177,2023-Jul-26,Monotype - Market Intelligence - Trainee,All - Data Science and Analysis,Job available in Noida,"['Data Science and Analysis', 'Computer Vision', 'Machine Learning', '+4', 'Python', 'CUDA', 'PyTorch', 'TensorFlow']",Founded in 2012,500 - 1000 employees,https://www.instahyre.com/job-261689-market-intelligence-trainee-at-monotype-noida/
178,2023-Jul-26,Paisabazaar - Data Analyst,All - Data Science and Analysis,Job available in Gurgaon,"['Data Science and Analysis', 'Computer Vision', 'Machine Learning', '+4', 'Python', 'CUDA', 'PyTorch', 'TensorFlow']",Founded in 2014,More than 1000 employees,https://www.instahyre.com/job-261282-data-analyst-at-paisabazaar-2-gurgaon/
179,2023-Jul-26,Promilo - Business Analyst,All - Data Science and Analysis,Job available in Bangalore,"['Data Science and Analysis', 'Computer Vision', 'Machine Learning', '+4', 'Python', 'CUDA', 'PyTorch', 'TensorFlow']",Founded in 2021,200 - 500 employees,https://www.instahyre.com/job-269772-business-analyst-at-promilo-bangalore/
180,2023-Jul-26,ShareChat - Machine Learning Intern - Generative AI (Internship),All - Data Science and Analysis,Job available in Bangalore,"['Data Science and Analysis', 'Computer Vision', 'Machine Learning', '+4', 'Python', 'CUDA', 'PyTorch', 'TensorFlow']",Founded in 2015,500 - 1000 employees,https://www.instahyre.com/job-267026-machine-learning-intern-generative-ai-internship-at-sharechat-bangalore/
181,2023-Jul-26,StrideAI - NLP Engineer,All - Data Science and Analysis,Job available in Bangalore,"['Data Science and Analysis', 'Computer Vision', 'Machine Learning', '+4', 'Python', 'CUDA', 'PyTorch', 'TensorFlow']",Founded in 2015,10 - 50 employees,https://www.instahyre.com/job-265495-nlp-engineer-at-strideai-bangalore/
182,2023-Jul-26,XenonStack - Data Miner,All - Data Science and Analysis,Job available in Chandigarh,"['Data Science and Analysis', 'Computer Vision', 'Machine Learning', '+4', 'Python', 'CUDA', 'PyTorch', 'TensorFlow']",Founded in 2012,50 - 200 employees,https://www.instahyre.com/job-268115-data-miner-at-xenonstack-chandigarh/
183,2023-Jul-26,Bright Money - Product Analyst (Internship),All - Data Science and Analysis,Job available in Bangalore,"['Data Science and Analysis', 'Python', 'SQL']",Founded in 2019,50 - 200 employees,https://www.instahyre.com/job-244168-product-analyst-at-bright-money-bangalore/
184,2023-Jul-26,Exxat - Product Analyst,All - Data Science and Analysis,Job available in Vadodara,"['Data Science and Analysis', 'Python', 'SQL']",Founded in 2011,50 - 200 employees,https://www.instahyre.com/job-256026-product-analyst-at-exxat-vadodara/
185,2023-Jul-26,Gmware - Python Developer - Web Scraping,All - Data Science and Analysis,Job available in Mohali,"['Data Science and Analysis', 'Python', 'SQL']",Founded in 2017,10 - 50 employees,https://www.instahyre.com/job-249435-python-developer-web-scraping-at-gmware-mohali/
186,2023-Jul-26,Kivi Capital - Quantitative Portfolio Analyst,All - Data Science and Analysis,Job available in Gurgaon,"['Data Science and Analysis', 'Python', 'SQL']",Founded in 2011,0 - 10 employees,https://www.instahyre.com/job-249941-quantitative-portfolio-analyst-at-kivi-capital-gurgaon/
187,2023-Jul-26,Lokal - Ad Operations Analyst (Internship),All - Data Science and Analysis,Job available in Bangalore,"['Data Science and Analysis', 'Python', 'SQL']",Founded in 2018,50 - 200 employees,https://www.instahyre.com/job-258668-ad-operations-analyst-internship-at-lokal-bangalore/
188,2023-Jul-26,Loop Kitchen - Data / Product Analyst (Internship),All - Data Science and Analysis,Job available in Work From Home,"['Data Science and Analysis', 'Python', 'SQL']",Founded in 2022,0 - 10 employees,https://www.instahyre.com/job-261097-data-product-analyst-at-loop-kitchen-work-from-home/
189,2023-Jul-26,Pareto Care - Biomedical Engineering Intern (Python),All - Data Science and Analysis,Job available in Gurgaon,"['Data Science and Analysis', 'Python', 'SQL']",Founded in 2020,10 - 50 employees,https://www.instahyre.com/job-258569-biomedical-engineering-intern-python-at-pareto-care-gurgaon/
190,2023-Jul-26,Semikart - Data Entry Associate,All - Data Science and Analysis,Job available in Bangalore,"['Data Science and Analysis', 'Python', 'SQL']",Founded in 2016,10 - 50 employees,https://www.instahyre.com/job-245306-data-entry-associate-at-semikart-bangalore/
191,2023-Jul-26,UZIO - Associate Business Analyst,All - Data Science and Analysis,Job available in Noida,"['Data Science and Analysis', 'Python', 'SQL']",Founded in 2009,50 - 200 employees,https://www.instahyre.com/job-261012-associate-business-analyst-at-uzio-noida/
192,2023-Jul-26,Wooqer - SDE 2 - (Data Engineering),All - Data Science and Analysis,Job available in Bangalore,"['Data Science and Analysis', 'Python', 'SQL']",Founded in 2014,50 - 200 employees,https://www.instahyre.com/job-246558-sde-2-data-engineering-at-wooqer-2-bangalore/
193,2023-Jul-26,Apelo Consulting - Market Research Analyst,All - Data Science and Analysis,Job available in Gurgaon,"['Data Science and Analysis', 'Microsoft Excel']",Founded in 2016,50 - 200 employees,https://www.instahyre.com/job-243140-market-research-analyst-at-apelo-consulting-gurgaon/
194,2023-Jul-26,Innometrics Solutions - Data Analyst,All - Data Science and Analysis,Job available in Bangalore,"['Data Science and Analysis', 'Microsoft Excel']",Founded in 2013,50 - 200 employees,https://www.instahyre.com/job-236655-data-analyst-at-innometrics-solutions-bangalore/
195,2023-Jul-26,Kingfish Group - Research Associate,All - Data Science and Analysis,Job available in Pune,"['Data Science and Analysis', 'Microsoft Excel']",Founded in 2004,50 - 200 employees,https://www.instahyre.com/job-241107-research-associate-at-kingfish-group-pune/
196,2023-Jul-26,KoiReader - Computer Vision Engineer,All - Data Science and Analysis,Job available in Bangalore,"['Data Science and Analysis', 'Microsoft Excel']",Founded in 2019,10 - 50 employees,https://www.instahyre.com/job-125532-computer-vision-engineer-at-koireader-bangalore/
197,2023-Jul-26,Pivotchain Solutions - Data Scientist,All - Data Science and Analysis,Job available in Pune,"['Data Science and Analysis', 'Microsoft Excel']",Founded in 2017,0 - 10 employees,https://www.instahyre.com/job-225527-data-scientist-at-pivotchain-solutions-pune/
